<?xml version="1.0" encoding="UTF-8"?>
<configurationDescriptor version="100">
  <logicalFolder name="root" displayName="root" projectFiles="true" kind="ROOT">
    <logicalFolder name="HeaderFiles"
                   displayName="Header Files"
                   projectFiles="true">
      <itemPath>load_parameters.h</itemPath>
      <itemPath>preprocessing.h</itemPath>
      <itemPath>process_syse_cg.h</itemPath>
      <itemPath>tokeniser.h</itemPath>
      <itemPath>utils.h</itemPath>
    </logicalFolder>
    <logicalFolder name="ResourceFiles"
                   displayName="Resource Files"
                   projectFiles="true">
    </logicalFolder>
    <logicalFolder name="SourceFiles"
                   displayName="Source Files"
                   projectFiles="true">
      <itemPath>ZM_Tokenizing_SySe_CG_Dataset.cpp</itemPath>
      <itemPath>load_parameters.cpp</itemPath>
      <itemPath>preprocessing.cpp</itemPath>
      <itemPath>process_syse_cg.cpp</itemPath>
      <itemPath>tokeniser.cpp</itemPath>
      <itemPath>utils.cpp</itemPath>
    </logicalFolder>
    <logicalFolder name="TestFiles"
                   displayName="Test Files"
                   projectFiles="false"
                   kind="TEST_LOGICAL_FOLDER">
    </logicalFolder>
    <logicalFolder name="ExternalFiles"
                   displayName="Important Files"
                   projectFiles="false"
                   kind="IMPORTANT_FILES_FOLDER">
      <itemPath>Makefile</itemPath>
    </logicalFolder>
  </logicalFolder>
  <projectmakefile>Makefile</projectmakefile>
  <confs>
    <conf name="Debug" type="1">
      <toolsSet>
        <compilerSet>Cygwin|Cygwin</compilerSet>
        <dependencyChecking>true</dependencyChecking>
        <rebuildPropChanged>false</rebuildPropChanged>
      </toolsSet>
      <compileType>
      </compileType>
      <item path="ZM_Tokenizing_SySe_CG_Dataset.cpp" ex="false" tool="1" flavor2="0">
      </item>
      <item path="load_parameters.cpp" ex="false" tool="1" flavor2="0">
      </item>
      <item path="load_parameters.h" ex="false" tool="3" flavor2="0">
      </item>
      <item path="preprocessing.cpp" ex="false" tool="1" flavor2="0">
      </item>
      <item path="preprocessing.h" ex="false" tool="3" flavor2="0">
      </item>
      <item path="process_syse_cg.cpp" ex="false" tool="1" flavor2="0">
      </item>
      <item path="process_syse_cg.h" ex="false" tool="3" flavor2="0">
      </item>
      <item path="tokeniser.cpp" ex="false" tool="1" flavor2="0">
      </item>
      <item path="tokeniser.h" ex="false" tool="3" flavor2="0">
      </item>
      <item path="utils.cpp" ex="false" tool="1" flavor2="0">
      </item>
      <item path="utils.h" ex="false" tool="3" flavor2="0">
      </item>
    </conf>
    <conf name="Release" type="1">
      <toolsSet>
        <compilerSet>default</compilerSet>
        <dependencyChecking>true</dependencyChecking>
        <rebuildPropChanged>false</rebuildPropChanged>
      </toolsSet>
      <compileType>
        <cTool>
          <developmentMode>5</developmentMode>
        </cTool>
        <ccTool>
          <developmentMode>5</developmentMode>
        </ccTool>
        <fortranCompilerTool>
          <developmentMode>5</developmentMode>
        </fortranCompilerTool>
        <asmTool>
          <developmentMode>5</developmentMode>
        </asmTool>
      </compileType>
      <item path="ZM_Tokenizing_SySe_CG_Dataset.cpp" ex="false" tool="1" flavor2="0">
      </item>
      <item path="load_parameters.cpp" ex="false" tool="1" flavor2="0">
      </item>
      <item path="load_parameters.h" ex="false" tool="3" flavor2="0">
      </item>
      <item path="preprocessing.cpp" ex="false" tool="1" flavor2="0">
      </item>
      <item path="preprocessing.h" ex="false" tool="3" flavor2="0">
      </item>
      <item path="process_syse_cg.cpp" ex="false" tool="1" flavor2="0">
      </item>
      <item path="process_syse_cg.h" ex="false" tool="3" flavor2="0">
      </item>
      <item path="tokeniser.cpp" ex="false" tool="1" flavor2="0">
      </item>
      <item path="tokeniser.h" ex="false" tool="3" flavor2="0">
      </item>
      <item path="utils.cpp" ex="false" tool="1" flavor2="0">
      </item>
      <item path="utils.h" ex="false" tool="3" flavor2="0">
      </item>
    </conf>
  </confs>
</configurationDescriptor>
