<?xml version="1.0" encoding="UTF-8"?>
<project-private xmlns="http://www.netbeans.org/ns/project-private/1">
    <data xmlns="http://www.netbeans.org/ns/make-project-private/1">
        <activeConfTypeElem>1</activeConfTypeElem>
        <activeConfIndexElem>0</activeConfIndexElem>
    </data>
    <editor-bookmarks xmlns="http://www.netbeans.org/ns/editor-bookmarks/2" lastBookmarkId="0"/>
    <open-files xmlns="http://www.netbeans.org/ns/projectui-open-files/2">
        <group>
            <file>file:/E:/ZM/Research/My_Works/Applications/ZM_Tokeninzing_CG2-NB-V2/process_syse_cg.cpp</file>
            <file>file:/E:/ZM/Research/My_Works/Applications/ZM_Tokeninzing_CG2-NB-V2/utils.cpp</file>
            <file>file:/E:/ZM/Research/My_Works/Applications/ZM_Tokeninzing_CG2-NB-V2/process_syse_cg.h</file>
            <file>file:/E:/ZM/Research/My_Works/Applications/ZM_Tokeninzing_CG2-NB-V2/tokeniser.h</file>
            <file>file:/E:/ZM/Research/My_Works/Applications/ZM_Tokeninzing_CG2-NB-V2/tokeniser.cpp</file>
            <file>file:/E:/ZM/Research/My_Works/Applications/ZM_Tokeninzing_CG2-NB-V2/ZM_Tokenizing_SySe_CG_Dataset.cpp</file>
        </group>
    </open-files>
</project-private>
